[
{
  "model": "auth.user",
  "pk": 2,
  "fields": {
    "password": "pbkdf2_sha256$1000000$0GRFmZ4DN6KXciFFgDDL1r$NJkfYAdTXviHo4JbkdSrgMSYd9rF49eVfZNG/ZtbN3U=",
    "last_login": null,
    "is_superuser": false,
    "username": "WeslleyPereiraUsuario",
    "first_name": "",
    "last_name": "",
    "email": "weslley@gmail.com",
    "is_staff": false,
    "is_active": true,
    "date_joined": "2025-10-12T23:06:49.217Z",
    "groups": [],
    "user_permissions": []
  }
},
{
  "model": "auth.user",
  "pk": 3,
  "fields": {
    "password": "pbkdf2_sha256$1000000$DEOq6opLlnKfcV64wzTF3k$CuvuRRlpAq8AY+Q6CSBLcDlQUd65WkwbCXS9oONYy5E=",
    "last_login": null,
    "is_superuser": false,
    "username": "weslleyp",
    "first_name": "",
    "last_name": "",
    "email": "weslleypereira@gmail.com",
    "is_staff": false,
    "is_active": true,
    "date_joined": "2025-10-12T23:06:51.250Z",
    "groups": [],
    "user_permissions": []
  }
},
{
  "model": "auth.user",
  "pk": 4,
  "fields": {
    "password": "pbkdf2_sha256$1000000$1YuVepT9BsRtq201wexPlL$UXKqYWmrpHxdeHWVoWJLXIeRBgvb4YU2q8kb01G/B1o=",
    "last_login": null,
    "is_superuser": false,
    "username": "usuarioTeste",
    "first_name": "",
    "last_name": "",
    "email": "weslleypereira111@gmail.com",
    "is_staff": false,
    "is_active": true,
    "date_joined": "2025-10-12T23:06:53.872Z",
    "groups": [],
    "user_permissions": []
  }
},
{
  "model": "auth.user",
  "pk": 5,
  "fields": {
    "password": "pbkdf2_sha256$1000000$BhyF14muDl3z1aZAUX32JC$lo1BC/T16qnbmaWWbTIHGkLeiHDQIsLWDuzPBewzaDM=",
    "last_login": "2025-10-12T23:17:48.545Z",
    "is_superuser": false,
    "username": "Weslleytesteee",
    "first_name": "Weslley",
    "last_name": "Pereira",
    "email": "Weslleytesteee@gmail.com",
    "is_staff": false,
    "is_active": true,
    "date_joined": "2025-10-12T23:06:56.099Z",
    "groups": [],
    "user_permissions": []
  }
},
{
  "model": "auth.user",
  "pk": 6,
  "fields": {
    "password": "pbkdf2_sha256$1000000$31iftgsJsJ2iDiZMAzXo8C$5JAer2B22Ec/hW0fjbSahb95MbM3ElevtdvpfQm+BQU=",
    "last_login": null,
    "is_superuser": false,
    "username": "weslleypp",
    "first_name": "",
    "last_name": "",
    "email": "admin@qrfit.com",
    "is_staff": false,
    "is_active": true,
    "date_joined": "2025-10-12T23:06:58.155Z",
    "groups": [],
    "user_permissions": []
  }
},
{
  "model": "auth.user",
  "pk": 7,
  "fields": {
    "password": "pbkdf2_sha256$1000000$CNgCaZYhEBQ0w86H1VVT4z$E8UKz9gxNUTtc3VRAxwcR6iNlDnRp1cADbyFU5nyLbc=",
    "last_login": null,
    "is_superuser": false,
    "username": "Weslley_Usurio",
    "first_name": "Weslley",
    "last_name": "Pereira",
    "email": "weslley_usuario@gmail.com",
    "is_staff": false,
    "is_active": true,
    "date_joined": "2025-10-12T23:07:00.403Z",
    "groups": [],
    "user_permissions": []
  }
},
{
  "model": "auth.user",
  "pk": 8,
  "fields": {
    "password": "pbkdf2_sha256$1000000$8IfRsycPpqYNcdSeK2qHnx$nevsNFfDVY/3soVXHF7inedz3sBoABXjUMP6fjWB2qA=",
    "last_login": null,
    "is_superuser": false,
    "username": "Weslley_Usurio2",
    "first_name": "",
    "last_name": "",
    "email": "weslley.usuario2@gmail.com",
    "is_staff": false,
    "is_active": true,
    "date_joined": "2025-10-12T23:07:03.524Z",
    "groups": [],
    "user_permissions": []
  }
},
{
  "model": "auth.user",
  "pk": 9,
  "fields": {
    "password": "pbkdf2_sha256$1000000$KwRd0Ia91ssdutD5yPpFD4$0CBYw9MfXTTBdpQNf6lfGf7jCQoqZ+Xrb5HuOULSbAg=",
    "last_login": null,
    "is_superuser": false,
    "username": "Weslley_Usurio3",
    "first_name": "",
    "last_name": "",
    "email": "weslley.usuario3@gmail.com",
    "is_staff": false,
    "is_active": true,
    "date_joined": "2025-10-12T23:07:05.614Z",
    "groups": [],
    "user_permissions": []
  }
},
{
  "model": "auth.user",
  "pk": 10,
  "fields": {
    "password": "pbkdf2_sha256$test",
    "last_login": "2025-10-12T23:16:26.098Z",
    "is_superuser": false,
    "username": "teste_usuario",
    "first_name": "",
    "last_name": "",
    "email": "teste@example.com",
    "is_staff": false,
    "is_active": true,
    "date_joined": "2025-10-12T23:16:26.067Z",
    "groups": [],
    "user_permissions": []
  }
},
{
  "model": "auth.user",
  "pk": 14,
  "fields": {
    "password": "pbkdf2_sha256$1000000$XNdW1vhQav05PkJHT10AIy$jrd6e6cezKZ4VQVDXrMv4pJvTY/XwrScrQkT5t1FD3s=",
    "last_login": null,
    "is_superuser": true,
    "username": "admin",
    "first_name": "",
    "last_name": "",
    "email": "admin@fitcode.com",
    "is_staff": true,
    "is_active": true,
    "date_joined": "2025-10-13T15:51:13.236Z",
    "groups": [],
    "user_permissions": []
  }
},
{
  "model": "accounts.userprofile",
  "pk": 2,
  "fields": {
    "user": 2,
    "profile_picture": "",
    "bio": "",
    "phone": "",
    "birth_date": null,
    "created_at": "2025-10-12T23:06:51.231Z",
    "updated_at": "2025-10-12T23:06:51.244Z"
  }
},
{
  "model": "accounts.userprofile",
  "pk": 3,
  "fields": {
    "user": 3,
    "profile_picture": "",
    "bio": "",
    "phone": "",
    "birth_date": null,
    "created_at": "2025-10-12T23:06:53.865Z",
    "updated_at": "2025-10-12T23:06:53.869Z"
  }
},
{
  "model": "accounts.userprofile",
  "pk": 4,
  "fields": {
    "user": 4,
    "profile_picture": "",
    "bio": "",
    "phone": "",
    "birth_date": null,
    "created_at": "2025-10-12T23:06:56.086Z",
    "updated_at": "2025-10-12T23:06:56.092Z"
  }
},
{
  "model": "accounts.userprofile",
  "pk": 5,
  "fields": {
    "user": 5,
    "profile_picture": "profiles/Screenshot_21_08_2025_19_43_00_1.png",
    "bio": "",
    "phone": "",
    "birth_date": null,
    "created_at": "2025-10-12T23:06:58.145Z",
    "updated_at": "2025-10-12T23:17:48.550Z"
  }
},
{
  "model": "accounts.userprofile",
  "pk": 6,
  "fields": {
    "user": 6,
    "profile_picture": "",
    "bio": "",
    "phone": "",
    "birth_date": null,
    "created_at": "2025-10-12T23:07:00.377Z",
    "updated_at": "2025-10-12T23:07:00.385Z"
  }
},
{
  "model": "accounts.userprofile",
  "pk": 7,
  "fields": {
    "user": 7,
    "profile_picture": "",
    "bio": "",
    "phone": "",
    "birth_date": null,
    "created_at": "2025-10-12T23:07:03.514Z",
    "updated_at": "2025-10-12T23:07:03.521Z"
  }
},
{
  "model": "accounts.userprofile",
  "pk": 8,
  "fields": {
    "user": 8,
    "profile_picture": "",
    "bio": "",
    "phone": "",
    "birth_date": null,
    "created_at": "2025-10-12T23:07:05.605Z",
    "updated_at": "2025-10-12T23:07:05.610Z"
  }
},
{
  "model": "accounts.userprofile",
  "pk": 9,
  "fields": {
    "user": 9,
    "profile_picture": "",
    "bio": "",
    "phone": "",
    "birth_date": null,
    "created_at": "2025-10-12T23:07:07.735Z",
    "updated_at": "2025-10-12T23:07:07.740Z"
  }
},
{
  "model": "accounts.userprofile",
  "pk": 10,
  "fields": {
    "user": 10,
    "profile_picture": "",
    "bio": "",
    "phone": "",
    "birth_date": null,
    "created_at": "2025-10-12T23:16:26.072Z",
    "updated_at": "2025-10-12T23:16:26.102Z"
  }
},
{
  "model": "accounts.userprofile",
  "pk": 14,
  "fields": {
    "user": 14,
    "profile_picture": "",
    "bio": "",
    "phone": "",
    "birth_date": null,
    "created_at": "2025-10-13T15:51:15.252Z",
    "updated_at": "2025-10-13T15:51:15.258Z"
  }
},
{
  "model": "aparelhos.aparelho",
  "pk": 1,
  "fields": {
    "exercise_name": "Leg Press",
    "grupo_muscular": 1,
    "video": "aparelhos/videos/extensora_TjByaWd.mp4",
    "image": "",
    "instructions": "Sente-se no aparelho com os ps afastados na plataforma e empurre o peso estendendo as pernas.\r\nRetorne devagar at que os joelhos fiquem prximos de 90, sem tirar as costas do encosto.",
    "qr_code": "aparelhos/qrcodes/qr_1_Leg_Press.png"
  }
},
{
  "model": "aparelhos.aparelho",
  "pk": 2,
  "fields": {
    "exercise_name": "Extensora",
    "grupo_muscular": 1,
    "video": "aparelhos/videos/extensora.mp4",
    "image": "",
    "instructions": "Sente-se no aparelho com as costas apoiadas e ajuste o encosto para alinhar o joelho ao eixo da mquina.\r\nEstenda as pernas elevando o peso at quase a extenso total, contraindo o quadrceps, e retorne lentamente  posio inicial.",
    "qr_code": "aparelhos/qrcodes/qr_2_Extensora.png"
  }
},
{
  "model": "aparelhos.aparelho",
  "pk": 3,
  "fields": {
    "exercise_name": "Supino Reto (com barra)",
    "grupo_muscular": 5,
    "video": "aparelhos/videos/extensora_AkXBFS8.mp4",
    "image": "",
    "instructions": "Deite-se no banco e segure a barra na largura dos ombros.\r\nDesa at o peito e empurre novamente para cima, mantendo o controle.",
    "qr_code": "aparelhos/qrcodes/qr_3_Supino_Reto_com_barra.png"
  }
},
{
  "model": "aparelhos.aparelho",
  "pk": 4,
  "fields": {
    "exercise_name": "Puxada Frontal (barra)",
    "grupo_muscular": 4,
    "video": "aparelhos/videos/extensora_b97MA6n.mp4",
    "image": "",
    "instructions": "Sente-se e segure a barra com as mos afastadas.\r\nPuxe em direo ao peito contraindo as costas e retorne controlando o peso.",
    "qr_code": "aparelhos/qrcodes/qr_4_Puxada_Frontal_barra.png"
  }
},
{
  "model": "aparelhos.aparelho",
  "pk": 5,
  "fields": {
    "exercise_name": "Desenvolvimento de Ombros",
    "grupo_muscular": 3,
    "video": "aparelhos/videos/extensora_4I6GFWy.mp4",
    "image": "",
    "instructions": "Sente-se e segure os halteres na altura dos ombros.\r\nEmpurre para cima estendendo os braos e retorne devagar  posio inicial.",
    "qr_code": "aparelhos/qrcodes/qr_5_Desenvolvimento_de_Ombros.png"
  }
},
{
  "model": "aparelhos.aparelho",
  "pk": 6,
  "fields": {
    "exercise_name": "testeQRcode",
    "grupo_muscular": 4,
    "video": "aparelhos/videos/extensora_gu4OpLR.mp4",
    "image": "",
    "instructions": "testeQr",
    "qr_code": "aparelhos/qrcodes/qr_6_testeQRcode.png"
  }
},
{
  "model": "aparelhos.aparelho",
  "pk": 19,
  "fields": {
    "exercise_name": "testeBanco",
    "grupo_muscular": 10,
    "video": "aparelhos/videos/extensora.mp4",
    "image": "",
    "instructions": "testeee",
    "qr_code": "aparelhos/qrcodes/qr_19_testeBanco.png"
  }
},
{
  "model": "aparelhos.aparelho",
  "pk": 20,
  "fields": {
    "exercise_name": "ergwerbwe",
    "grupo_muscular": 3,
    "video": "aparelhos/videos/extensora_cDeH4zt.mp4",
    "image": "",
    "instructions": "qwefqwef",
    "qr_code": "aparelhos/qrcodes/qr_20_ergwerbwe.png"
  }
},
{
  "model": "aparelhos.grupo_muscular",
  "pk": 1,
  "fields": {
    "name": "Peito"
  }
},
{
  "model": "aparelhos.grupo_muscular",
  "pk": 2,
  "fields": {
    "name": "Costas"
  }
},
{
  "model": "aparelhos.grupo_muscular",
  "pk": 3,
  "fields": {
    "name": "Pernas"
  }
},
{
  "model": "aparelhos.grupo_muscular",
  "pk": 4,
  "fields": {
    "name": "Braços"
  }
},
{
  "model": "aparelhos.grupo_muscular",
  "pk": 5,
  "fields": {
    "name": "Ombros"
  }
},
{
  "model": "aparelhos.grupo_muscular",
  "pk": 6,
  "fields": {
    "name": "Perna"
  }
},
{
  "model": "aparelhos.grupo_muscular",
  "pk": 7,
  "fields": {
    "name": "Panturrilhas"
  }
},
{
  "model": "aparelhos.grupo_muscular",
  "pk": 8,
  "fields": {
    "name": "Bíceps"
  }
},
{
  "model": "aparelhos.grupo_muscular",
  "pk": 9,
  "fields": {
    "name": "Tríceps"
  }
},
{
  "model": "aparelhos.grupo_muscular",
  "pk": 10,
  "fields": {
    "name": "Antebraço"
  }
},
{
  "model": "aparelhos.grupo_muscular",
  "pk": 11,
  "fields": {
    "name": "Abdômen"
  }
},
{
  "model": "aparelhos.grupo_muscular",
  "pk": 12,
  "fields": {
    "name": "Glúteos"
  }
},
{
  "model": "aparelhos.grupo_muscular",
  "pk": 13,
  "fields": {
    "name": "Posterior de Coxa"
  }
},
{
  "model": "aparelhos.grupo_muscular",
  "pk": 14,
  "fields": {
    "name": "Quadríceps"
  }
},
{
  "model": "aparelhos.grupo_muscular",
  "pk": 15,
  "fields": {
    "name": "Trapézio"
  }
},
{
  "model": "aparelhos.grupo_muscular",
  "pk": 16,
  "fields": {
    "name": "Dorsal"
  }
},
{
  "model": "aparelhos.grupo_muscular",
  "pk": 17,
  "fields": {
    "name": "Lombar"
  }
},
{
  "model": "aparelhos.feedback",
  "pk": 1,
  "fields": {
    "user": 7,
    "aparelho": 5,
    "rating": 2,
    "comment": "Weslley_usuario",
    "created_at": "2025-10-12T23:11:00.753Z"
  }
},
{
  "model": "aparelhos.feedback",
  "pk": 2,
  "fields": {
    "user": 9,
    "aparelho": 5,
    "rating": 1,
    "comment": "weslley_usuario3",
    "created_at": "2025-10-12T23:11:00.765Z"
  }
},
{
  "model": "aparelhos.feedback",
  "pk": 3,
  "fields": {
    "user": 9,
    "aparelho": 2,
    "rating": 1,
    "comment": "weslley_usuario3",
    "created_at": "2025-10-12T23:11:00.773Z"
  }
},
{
  "model": "aparelhos.feedback",
  "pk": 4,
  "fields": {
    "user": 9,
    "aparelho": 1,
    "rating": 1,
    "comment": "weslley_usuario3",
    "created_at": "2025-10-12T23:11:00.778Z"
  }
},
{
  "model": "aparelhos.feedback",
  "pk": 5,
  "fields": {
    "user": 9,
    "aparelho": 3,
    "rating": 1,
    "comment": "weslley_usuario3",
    "created_at": "2025-10-12T23:11:00.784Z"
  }
},
{
  "model": "aparelhos.feedback",
  "pk": 6,
  "fields": {
    "user": 5,
    "aparelho": 5,
    "rating": 5,
    "comment": "tetste novo",
    "created_at": "2025-10-12T23:12:35.959Z"
  }
},
{
  "model": "aparelhos.visualizacao",
  "pk": 1,
  "fields": {
    "user": 7,
    "aparelho": 5,
    "count": 3,
    "viewed_at": "2025-10-12T23:11:00.794Z",
    "updated_at": "2025-10-12T23:11:00.794Z",
    "last_clicked": "2025-10-10T01:22:18.700Z"
  }
},
{
  "model": "aparelhos.visualizacao",
  "pk": 2,
  "fields": {
    "user": 7,
    "aparelho": 2,
    "count": 1,
    "viewed_at": "2025-10-12T23:11:00.872Z",
    "updated_at": "2025-10-12T23:11:00.872Z",
    "last_clicked": "2025-10-09T02:16:14.920Z"
  }
},
{
  "model": "aparelhos.visualizacao",
  "pk": 3,
  "fields": {
    "user": 7,
    "aparelho": 1,
    "count": 1,
    "viewed_at": "2025-10-12T23:11:00.882Z",
    "updated_at": "2025-10-12T23:11:00.882Z",
    "last_clicked": "2025-10-09T02:16:16.456Z"
  }
},
{
  "model": "aparelhos.visualizacao",
  "pk": 4,
  "fields": {
    "user": 7,
    "aparelho": 4,
    "count": 2,
    "viewed_at": "2025-10-12T23:11:00.891Z",
    "updated_at": "2025-10-12T23:11:00.891Z",
    "last_clicked": "2025-10-09T02:24:14.196Z"
  }
},
{
  "model": "aparelhos.visualizacao",
  "pk": 5,
  "fields": {
    "user": 7,
    "aparelho": 3,
    "count": 1,
    "viewed_at": "2025-10-12T23:11:00.898Z",
    "updated_at": "2025-10-12T23:11:00.898Z",
    "last_clicked": "2025-10-09T02:16:18.835Z"
  }
},
{
  "model": "aparelhos.visualizacao",
  "pk": 6,
  "fields": {
    "user": 9,
    "aparelho": 5,
    "count": 1,
    "viewed_at": "2025-10-12T23:11:00.907Z",
    "updated_at": "2025-10-12T23:11:00.907Z",
    "last_clicked": "2025-10-09T02:20:48.711Z"
  }
},
{
  "model": "aparelhos.visualizacao",
  "pk": 7,
  "fields": {
    "user": 9,
    "aparelho": 2,
    "count": 1,
    "viewed_at": "2025-10-12T23:11:00.919Z",
    "updated_at": "2025-10-12T23:11:00.919Z",
    "last_clicked": "2025-10-09T02:20:49.787Z"
  }
},
{
  "model": "aparelhos.visualizacao",
  "pk": 8,
  "fields": {
    "user": 9,
    "aparelho": 1,
    "count": 1,
    "viewed_at": "2025-10-12T23:11:00.928Z",
    "updated_at": "2025-10-12T23:11:00.928Z",
    "last_clicked": "2025-10-09T02:20:50.813Z"
  }
},
{
  "model": "aparelhos.visualizacao",
  "pk": 9,
  "fields": {
    "user": 9,
    "aparelho": 4,
    "count": 1,
    "viewed_at": "2025-10-12T23:11:00.934Z",
    "updated_at": "2025-10-12T23:11:00.934Z",
    "last_clicked": "2025-10-09T02:20:52.095Z"
  }
},
{
  "model": "aparelhos.visualizacao",
  "pk": 10,
  "fields": {
    "user": 9,
    "aparelho": 3,
    "count": 1,
    "viewed_at": "2025-10-12T23:11:00.944Z",
    "updated_at": "2025-10-12T23:11:00.944Z",
    "last_clicked": "2025-10-09T02:20:53.247Z"
  }
},
{
  "model": "aparelhos.visualizacao",
  "pk": 11,
  "fields": {
    "user": 8,
    "aparelho": 3,
    "count": 1,
    "viewed_at": "2025-10-12T23:11:00.961Z",
    "updated_at": "2025-10-12T23:11:00.961Z",
    "last_clicked": "2025-10-09T02:26:20.066Z"
  }
},
{
  "model": "aparelhos.visualizacao",
  "pk": 12,
  "fields": {
    "user": 5,
    "aparelho": 5,
    "count": 1,
    "viewed_at": "2025-10-12T23:12:37.773Z",
    "updated_at": "2025-10-12T23:12:37.773Z",
    "last_clicked": "2025-10-12T23:12:37.759Z"
  }
},
{
  "model": "aparelhos.visualizacao",
  "pk": 13,
  "fields": {
    "user": 5,
    "aparelho": 2,
    "count": 1,
    "viewed_at": "2025-10-12T23:12:39.611Z",
    "updated_at": "2025-10-12T23:12:39.611Z",
    "last_clicked": "2025-10-12T23:12:39.604Z"
  }
},
{
  "model": "aparelhos.visualizacao",
  "pk": 14,
  "fields": {
    "user": 5,
    "aparelho": 1,
    "count": 1,
    "viewed_at": "2025-10-12T23:12:41.706Z",
    "updated_at": "2025-10-12T23:12:41.706Z",
    "last_clicked": "2025-10-12T23:12:41.694Z"
  }
}
]
