[{"model": "auth.user", "fields": {"password": "pbkdf2_sha256$1000000$0GRFmZ4DN6KXciFFgDDL1r$NJkfYAdTXviHo4JbkdSrgMSYd9rF49eVfZNG/ZtbN3U=", "last_login": "2025-09-15T22:14:09.961Z", "is_superuser": false, "username": "WeslleyPereiraUsuario", "first_name": "", "last_name": "", "email": "weslley@gmail.com", "is_staff": false, "is_active": true, "date_joined": "2025-09-15T20:05:03.927Z", "groups": [], "user_permissions": []}}, {"model": "auth.user", "fields": {"password": "pbkdf2_sha256$1000000$DEOq6opLlnKfcV64wzTF3k$CuvuRRlpAq8AY+Q6CSBLcDlQUd65WkwbCXS9oONYy5E=", "last_login": "2025-10-01T21:05:26.800Z", "is_superuser": false, "username": "weslleyp", "first_name": "", "last_name": "", "email": "weslleypereira@gmail.com", "is_staff": false, "is_active": true, "date_joined": "2025-09-16T21:10:23.732Z", "groups": [], "user_permissions": []}}, {"model": "auth.user", "fields": {"password": "pbkdf2_sha256$1000000$1YuVepT9BsRtq201wexPlL$UXKqYWmrpHxdeHWVoWJLXIeRBgvb4YU2q8kb01G/B1o=", "last_login": "2025-09-16T21:17:45.878Z", "is_superuser": false, "username": "usuarioTeste", "first_name": "", "last_name": "", "email": "weslleypereira111@gmail.com", "is_staff": false, "is_active": true, "date_joined": "2025-09-16T21:17:38.241Z", "groups": [], "user_permissions": []}}, {"model": "auth.user", "fields": {"password": "pbkdf2_sha256$1000000$BhyF14muDl3z1aZAUX32JC$lo1BC/T16qnbmaWWbTIHGkLeiHDQIsLWDuzPBewzaDM=", "last_login": "2025-10-07T03:08:49.344Z", "is_superuser": false, "username": "Weslleytesteee", "first_name": "Weslley", "last_name": "Pereira", "email": "Weslleytesteee@gmail.com", "is_staff": false, "is_active": true, "date_joined": "2025-10-01T01:02:49.499Z", "groups": [], "user_permissions": []}}, {"model": "auth.user", "fields": {"password": "pbkdf2_sha256$1000000$D6gMnJaGDvzZkZvONUD8Fg$WrxLmGEUapSQfIgWs7YFawF3dam8pGu+x0DVFZiOm0U=", "last_login": "2025-10-12T16:09:11.925Z", "is_superuser": true, "username": "WeslleyDev", "first_name": "Weslley", "last_name": "Pereira", "email": "weslleydevpereira@gmail.com", "is_staff": true, "is_active": true, "date_joined": "2025-10-01T01:36:53.462Z", "groups": [], "user_permissions": []}}, {"model": "auth.user", "fields": {"password": "pbkdf2_sha256$1000000$31iftgsJsJ2iDiZMAzXo8C$5JAer2B22Ec/hW0fjbSahb95MbM3ElevtdvpfQm+BQU=", "last_login": "2025-10-01T15:37:24.162Z", "is_superuser": false, "username": "weslleypp", "first_name": "", "last_name": "", "email": "admin@qrfit.com", "is_staff": false, "is_active": true, "date_joined": "2025-10-01T15:37:14.965Z", "groups": [], "user_permissions": []}}, {"model": "auth.user", "fields": {"password": "pbkdf2_sha256$1000000$CNgCaZYhEBQ0w86H1VVT4z$E8UKz9gxNUTtc3VRAxwcR6iNlDnRp1cADbyFU5nyLbc=", "last_login": "2025-10-09T22:22:16.245Z", "is_superuser": false, "username": "Weslley_Usuário", "first_name": "Weslley", "last_name": "Pereira", "email": "weslley_usuario@gmail.com", "is_staff": false, "is_active": true, "date_joined": "2025-10-03T23:14:38.842Z", "groups": [], "user_permissions": []}}, {"model": "auth.user", "fields": {"password": "pbkdf2_sha256$1000000$8IfRsycPpqYNcdSeK2qHnx$nevsNFfDVY/3soVXHF7inedz3sBoABXjUMP6fjWB2qA=", "last_login": "2025-10-08T23:27:01.647Z", "is_superuser": false, "username": "Weslley_Usuário2", "first_name": "", "last_name": "", "email": "weslley.usuario2@gmail.com", "is_staff": false, "is_active": true, "date_joined": "2025-10-08T23:18:19.401Z", "groups": [], "user_permissions": []}}, {"model": "auth.user", "fields": {"password": "pbkdf2_sha256$1000000$KwRd0Ia91ssdutD5yPpFD4$0CBYw9MfXTTBdpQNf6lfGf7jCQoqZ+Xrb5HuOULSbAg=", "last_login": "2025-10-09T01:17:46.647Z", "is_superuser": false, "username": "Weslley_Usuário3", "first_name": "", "last_name": "", "email": "weslley.usuario3@gmail.com", "is_staff": false, "is_active": true, "date_joined": "2025-10-08T23:19:25.006Z", "groups": [], "user_permissions": []}}, {"model": "sessions.session", "pk": "2icqpc7rjst7ucf57hswfnlc1lf66vm2", "fields": {"session_data": ".eJxVjEEOwiAQRe_C2hAKU6Qu3XsGAjODVA0kpV0Z7y5NutDte-__t_BhW7PfGi9-JnERVpx-WQz45LILeoRyrxJrWZc5yj2Rh23yVolf16P9O8ih5b52ykGCeGZwY0oMARiV1pi0nToxjhUag4R6YEMw4oCAquOJFEew4vMF7n04OQ:1v4pdx:oGZiF0M9h6GaCTf5vDRssp4TcKLzmtMqbqehpG2X40Q", "expire_date": "2025-10-17T23:56:57.638Z"}}, {"model": "sessions.session", "pk": "46sii2hi8o1dx83zg0uerdcy8hhruqbs", "fields": {"session_data": ".eJxVjEEOwiAQRe_C2hAKU6Qu3XsGAjODVA0kpV0Z7y5NutDte-__t_BhW7PfGi9-JnERVpx-WQz45LILeoRyrxJrWZc5yj2Rh23yVolf16P9O8ih5b52ykGCeGZwY0oMARiV1pi0nToxjhUag4R6YEMw4oCAquOJFEew4vMF7n04OQ:1v7ydD:45ygkUx4xRx43bkV16IU8ou71vlq46KsCzpKszomwM4", "expire_date": "2025-10-26T16:09:11.982Z"}}, {"model": "sessions.session", "pk": "7bz456cayshuqyvsml7icubise4bmnqc", "fields": {"session_data": ".eJxVjMEOwiAQRP-FsyFLLCx49O43kGWXStVAUtqT8d9tkx50jvPezFtFWpcS157nOIm6KAPq9Fsm4meuO5EH1XvT3OoyT0nvij5o17cm-XU93L-DQr1s62CRwbsQmBx6wRwYyBoeshmYQ3JbmGAEEe9wdN5xRghWAIUsntXnCwEtN_g:1v6dQM:hCbz7872OhFNbJYK8quIezbpZwVxIRBHquH4_UzYWFQ", "expire_date": "2025-10-22T23:18:22.334Z"}}, {"model": "sessions.session", "pk": "g5omvp5r969b67k4hlgzb4ejgyxzqjpx", "fields": {"session_data": ".eJxVjL0OAiEQhN-F2hB-FnEt7X0GsrCcnBpIjrvK-O5KcoUW08z3zbxEoG0tYet5CTOLs9Di8NtFSo9cB-A71VuTqdV1maMcitxpl9fG-XnZ3b-DQr1814gOAbxORqEhb6w94Ui2QJNPOaJlq9j4yNG5CY5gnFZktMqgPbB4fwCpVzaE:1un2fP:YypPgLAsTZrdTF7bbqKBy-M97TBc_7r8u9V-LxEjzXw", "expire_date": "2025-08-29T22:12:55.310Z"}}, {"model": "sessions.session", "pk": "k506cim3beeuc5fvdasf6rezv18s8wgl", "fields": {"session_data": ".eJxVjL0OAiEQhN-F2hB-FnEt7X0GsrCcnBpIjrvK-O5KcoUW08z3zbxEoG0tYet5CTOLs9Di8NtFSo9cB-A71VuTqdV1maMcitxpl9fG-XnZ3b-DQr1814gOAbxORqEhb6w94Ui2QJNPOaJlq9j4yNG5CY5gnFZktMqgPbB4fwCpVzaE:1uyIMB:eEche2YB1fTG-ic4JNEcjTAPWVfa9LOmyUCDBaAv5AY", "expire_date": "2025-09-29T23:11:35.461Z"}}, {"model": "sessions.session", "pk": "r134t0200zdt37ux4aktqmgggv1yv7ig", "fields": {"session_data": ".eJxVjL0OAiEQhN-F2hB-FnEt7X0GsrCcnBpIjrvK-O5KcoUW08z3zbxEoG0tYet5CTOLs9Di8NtFSo9cB-A71VuTqdV1maMcitxpl9fG-XnZ3b-DQr1814gOAbxORqEhb6w94Ui2QJNPOaJlq9j4yNG5CY5gnFZktMqgPbB4fwCpVzaE:1upErQ:AMQjArm5v1wSZJNjcbbfscuzyAvxBHNGFBnaPpIYdUQ", "expire_date": "2025-09-04T23:38:24.307Z"}}, {"model": "sessions.session", "pk": "rlxirxfkwa6lfzs1ep5awagcsjp6c9aw", "fields": {"session_data": ".eJxVjDsOwjAQBe_iGlmsvywlPWew1t41DqBEipMKcXeIlALaNzPvpRKtS0trlzkNrM7Kq8Pvlqk8ZNwA32m8TbpM4zIPWW-K3mnX14nledndv4NGvX1rC8WjsxXZZMZjjXRCF1mgiIWAnsVAMJ4xcygEGMF4idlVsgHBWfX-AN9YN4c:1v4A4K:XzCv0OzNrOqNX4OjYH43Vuqft0J5QOq47zQGXKFQ7ZE", "expire_date": "2025-10-16T03:33:24.515Z"}}, {"model": "accounts.userprofile", "pk": 1, "fields": {"user": ["Weslleytesteee"], "profile_picture": "profiles/WhatsApp_Image_2023-08-21_at_20.33.24_cropped.jpeg", "bio": "TesteBiografia", "phone": "18996898758", "birth_date": "2005-01-17", "created_at": "2025-10-01T22:33:44.902Z", "updated_at": "2025-10-07T03:08:49.362Z"}}, {"model": "accounts.userprofile", "pk": 2, "fields": {"user": ["WeslleyDev"], "profile_picture": "profiles/WhatsApp_Image_2025-10-03_at_20_mVLI4ks.28.42.jpeg", "bio": "ADM do Site", "phone": "18996898758", "birth_date": "2005-01-17", "created_at": "2025-10-02T03:31:10.133Z", "updated_at": "2025-10-12T16:09:11.963Z"}}, {"model": "accounts.userprofile", "pk": 3, "fields": {"user": ["Weslley_Usuário"], "profile_picture": "profiles/WhatsApp_Image_2025-10-03_at_20.28.42.jpeg", "bio": "Foco", "phone": "18996898758", "birth_date": null, "created_at": "2025-10-03T23:14:40.815Z", "updated_at": "2025-10-09T22:22:16.263Z"}}, {"model": "accounts.userprofile", "pk": 4, "fields": {"user": ["Weslley_Usuário2"], "profile_picture": "", "bio": "", "phone": "", "birth_date": null, "created_at": "2025-10-08T23:18:21.850Z", "updated_at": "2025-10-08T23:27:01.661Z"}}, {"model": "accounts.userprofile", "pk": 5, "fields": {"user": ["Weslley_Usuário3"], "profile_picture": "", "bio": "", "phone": "", "birth_date": null, "created_at": "2025-10-08T23:19:26.926Z", "updated_at": "2025-10-09T01:17:46.667Z"}}, {"model": "aparelhos.grupo_muscular", "pk": 1, "fields": {"name": "Perna"}}, {"model": "aparelhos.grupo_muscular", "pk": 2, "fields": {"name": "Panturrilhas"}}, {"model": "aparelhos.grupo_muscular", "pk": 3, "fields": {"name": "Ombros"}}, {"model": "aparelhos.grupo_muscular", "pk": 4, "fields": {"name": "Costas"}}, {"model": "aparelhos.grupo_muscular", "pk": 5, "fields": {"name": "Peito"}}, {"model": "aparelhos.aparelho", "pk": 26, "fields": {"exercise_name": "Leg Press", "grupo_muscular": 1, "video": "aparelhos/videos/extensora_rC2RATe.mp4", "image": "", "instructions": "Sente-se no aparelho com os pés afastados na plataforma e empurre o peso estendendo as pernas.\r\nRetorne devagar até que os joelhos fiquem próximos de 90°, sem tirar as costas do encosto.", "qr_code": "aparelhos/qrcodes/qr_26_TesteQr.png"}}, {"model": "aparelhos.aparelho", "pk": 27, "fields": {"exercise_name": "Extensora", "grupo_muscular": 1, "video": "aparelhos/videos/extensora.mp4", "image": "", "instructions": "Sente-se no aparelho com as costas apoiadas e ajuste o encosto para alinhar o joelho ao eixo da máquina.\r\nEstenda as pernas elevando o peso até quase a extensão total, contraindo o quadríceps, e retorne lentamente à posição inicial.", "qr_code": "aparelhos/qrcodes/qr_27_Extensora111.png"}}, {"model": "aparelhos.aparelho", "pk": 29, "fields": {"exercise_name": "Supino Reto (com barra)", "grupo_muscular": 5, "video": "aparelhos/videos/extensora_AkXBFS8.mp4", "image": "", "instructions": "Deite-se no banco e segure a barra na largura dos ombros.\r\nDesça até o peito e empurre novamente para cima, mantendo o controle.", "qr_code": "aparelhos/qrcodes/qr_29_Supino_Reto_com_barra.png"}}, {"model": "aparelhos.aparelho", "pk": 30, "fields": {"exercise_name": "Puxada Frontal (barra)", "grupo_muscular": 4, "video": "aparelhos/videos/extensora_b97MA6n.mp4", "image": "", "instructions": "Sente-se e segure a barra com as mãos afastadas.\r\nPuxe em direção ao peito contraindo as costas e retorne controlando o peso.", "qr_code": "aparelhos/qrcodes/qr_30_Puxada_Frontal_barra.png"}}, {"model": "aparelhos.aparelho", "pk": 31, "fields": {"exercise_name": "Desenvolvimento de Ombros", "grupo_muscular": 3, "video": "aparelhos/videos/extensora_4I6GFWy.mp4", "image": "", "instructions": "Sente-se e segure os halteres na altura dos ombros.\r\nEmpurre para cima estendendo os braços e retorne devagar à posição inicial.", "qr_code": "aparelhos/qrcodes/qr_31_Desenvolvimento_de_Ombros.png"}}, {"model": "aparelhos.aparelho", "pk": 33, "fields": {"exercise_name": "testeQRcode", "grupo_muscular": 4, "video": "aparelhos/videos/extensora_gu4OpLR.mp4", "image": "", "instructions": "testeQr", "qr_code": "aparelhos/qrcodes/qr_33_testeQRcode.png"}}, {"model": "aparelhos.feedback", "pk": 13, "fields": {"user": ["Weslley_Usuário"], "aparelho": 31, "rating": 2, "comment": "Weslley_usuario", "created_at": "2025-10-08T23:17:16.729Z"}}, {"model": "aparelhos.feedback", "pk": 15, "fields": {"user": ["Weslley_Usuário3"], "aparelho": 31, "rating": 1, "comment": "weslley_usuario3", "created_at": "2025-10-08T23:21:13.776Z"}}, {"model": "aparelhos.feedback", "pk": 16, "fields": {"user": ["Weslley_Usuário3"], "aparelho": 27, "rating": 1, "comment": "weslley_usuario3", "created_at": "2025-10-08T23:21:19.124Z"}}, {"model": "aparelhos.feedback", "pk": 17, "fields": {"user": ["Weslley_Usuário3"], "aparelho": 26, "rating": 1, "comment": "weslley_usuario3", "created_at": "2025-10-08T23:21:25.322Z"}}, {"model": "aparelhos.feedback", "pk": 18, "fields": {"user": ["Weslley_Usuário3"], "aparelho": 29, "rating": 1, "comment": "weslley_usuario3", "created_at": "2025-10-08T23:21:36.366Z"}}, {"model": "aparelhos.visualizacao", "pk": 12, "fields": {"user": ["Weslley_Usuário"], "aparelho": 31, "count": 3, "viewed_at": "2025-10-08T23:16:13.579Z", "updated_at": "2025-10-09T22:22:18.700Z", "last_clicked": "2025-10-09T22:22:18.700Z"}}, {"model": "aparelhos.visualizacao", "pk": 13, "fields": {"user": ["Weslley_Usuário"], "aparelho": 27, "count": 1, "viewed_at": "2025-10-08T23:16:14.923Z", "updated_at": "2025-10-08T23:16:14.923Z", "last_clicked": "2025-10-08T23:16:14.920Z"}}, {"model": "aparelhos.visualizacao", "pk": 14, "fields": {"user": ["Weslley_Usuário"], "aparelho": 26, "count": 1, "viewed_at": "2025-10-08T23:16:16.460Z", "updated_at": "2025-10-08T23:16:16.460Z", "last_clicked": "2025-10-08T23:16:16.456Z"}}, {"model": "aparelhos.visualizacao", "pk": 15, "fields": {"user": ["Weslley_Usuário"], "aparelho": 30, "count": 2, "viewed_at": "2025-10-08T23:16:17.751Z", "updated_at": "2025-10-08T23:24:14.196Z", "last_clicked": "2025-10-08T23:24:14.196Z"}}, {"model": "aparelhos.visualizacao", "pk": 16, "fields": {"user": ["Weslley_Usuário"], "aparelho": 29, "count": 1, "viewed_at": "2025-10-08T23:16:18.837Z", "updated_at": "2025-10-08T23:16:18.837Z", "last_clicked": "2025-10-08T23:16:18.835Z"}}, {"model": "aparelhos.visualizacao", "pk": 18, "fields": {"user": ["Weslley_Usuário3"], "aparelho": 31, "count": 1, "viewed_at": "2025-10-08T23:20:48.713Z", "updated_at": "2025-10-08T23:20:48.713Z", "last_clicked": "2025-10-08T23:20:48.711Z"}}, {"model": "aparelhos.visualizacao", "pk": 19, "fields": {"user": ["Weslley_Usuário3"], "aparelho": 27, "count": 1, "viewed_at": "2025-10-08T23:20:49.788Z", "updated_at": "2025-10-08T23:20:49.788Z", "last_clicked": "2025-10-08T23:20:49.787Z"}}, {"model": "aparelhos.visualizacao", "pk": 20, "fields": {"user": ["Weslley_Usuário3"], "aparelho": 26, "count": 1, "viewed_at": "2025-10-08T23:20:50.815Z", "updated_at": "2025-10-08T23:20:50.815Z", "last_clicked": "2025-10-08T23:20:50.813Z"}}, {"model": "aparelhos.visualizacao", "pk": 21, "fields": {"user": ["Weslley_Usuário3"], "aparelho": 30, "count": 1, "viewed_at": "2025-10-08T23:20:52.096Z", "updated_at": "2025-10-08T23:20:52.096Z", "last_clicked": "2025-10-08T23:20:52.095Z"}}, {"model": "aparelhos.visualizacao", "pk": 22, "fields": {"user": ["Weslley_Usuário3"], "aparelho": 29, "count": 1, "viewed_at": "2025-10-08T23:20:53.248Z", "updated_at": "2025-10-08T23:20:53.248Z", "last_clicked": "2025-10-08T23:20:53.247Z"}}, {"model": "aparelhos.visualizacao", "pk": 24, "fields": {"user": ["Weslley_Usuário2"], "aparelho": 29, "count": 1, "viewed_at": "2025-10-08T23:26:20.067Z", "updated_at": "2025-10-08T23:26:20.067Z", "last_clicked": "2025-10-08T23:26:20.066Z"}}]