[{"model": "contenttypes.contenttype", "fields": {"app_label": "admin", "model": "logentry"}}, {"model": "contenttypes.contenttype", "fields": {"app_label": "auth", "model": "permission"}}, {"model": "contenttypes.contenttype", "fields": {"app_label": "auth", "model": "group"}}, {"model": "contenttypes.contenttype", "fields": {"app_label": "auth", "model": "user"}}, {"model": "contenttypes.contenttype", "fields": {"app_label": "contenttypes", "model": "contenttype"}}, {"model": "contenttypes.contenttype", "fields": {"app_label": "sessions", "model": "session"}}, {"model": "contenttypes.contenttype", "fields": {"app_label": "accounts", "model": "userprofile"}}, {"model": "contenttypes.contenttype", "fields": {"app_label": "aparelhos", "model": "aparelho"}}, {"model": "contenttypes.contenttype", "fields": {"app_label": "aparelhos", "model": "grupo_muscular"}}, {"model": "contenttypes.contenttype", "fields": {"app_label": "aparelhos", "model": "feedback"}}, {"model": "contenttypes.contenttype", "fields": {"app_label": "aparelhos", "model": "visualizacao"}}, {"model": "sessions.session", "pk": "5q8yiirjy2sy35e2kgfaw4q6qr705hnq", "fields": {"session_data": ".eJxVjMsOwiAQRf-FtSFQHgWX7v0GMjMMUjU0Ke3K-O_apAvd3nPOfYkE21rT1nlJUxZnocXpd0OgB7cd5Du02yxpbusyodwVedAur3Pm5-Vw_w4q9PqtY1FsIzs9ElkcEKPz1uGIqFlpUqEEg8oXYPSmgLEuBI8UDVkLAyvx_gDv8Dgr:1v85Ig:5mSSqxC5-3jimHeBdM9wA1aI7MOIMyyrH8hikrmEmDk", "expire_date": "2025-10-26T23:16:26.345Z"}}, {"model": "sessions.session", "pk": "7yw8a9omwnytzha2qk955wm0w01f3988", "fields": {"session_data": ".eJxVjMsOwiAQRf-FtSFQHgWX7v0GMjMMUjU0Ke3K-O_apAvd3nPOfYkE21rT1nlJUxZnocXpd0OgB7cd5Du02yxpbusyodwVedAur3Pm5-Vw_w4q9PqtY1FsIzs9ElkcEKPz1uGIqFlpUqEEg8oXYPSmgLEuBI8UDVkLAyvx_gDv8Dgr:1v85L5:YRT8rkK8MjWUhe6Tlx7J7BUvSVa3Wb39OJENAEtoRBg", "expire_date": "2025-10-26T23:18:55.195Z"}}, {"model": "aparelhos.grupo_muscular", "pk": 1, "fields": {"name": "Peito"}}, {"model": "aparelhos.grupo_muscular", "pk": 2, "fields": {"name": "Costas"}}, {"model": "aparelhos.grupo_muscular", "pk": 3, "fields": {"name": "Pernas"}}, {"model": "aparelhos.grupo_muscular", "pk": 4, "fields": {"name": "Braços"}}, {"model": "aparelhos.grupo_muscular", "pk": 5, "fields": {"name": "Ombros"}}, {"model": "aparelhos.grupo_muscular", "pk": 6, "fields": {"name": "Perna"}}, {"model": "aparelhos.grupo_muscular", "pk": 7, "fields": {"name": "Panturrilhas"}}, {"model": "aparelhos.grupo_muscular", "pk": 8, "fields": {"name": "Bíceps"}}, {"model": "aparelhos.grupo_muscular", "pk": 9, "fields": {"name": "Tríceps"}}, {"model": "aparelhos.grupo_muscular", "pk": 10, "fields": {"name": "Antebraço"}}, {"model": "aparelhos.grupo_muscular", "pk": 11, "fields": {"name": "Abdômen"}}, {"model": "aparelhos.grupo_muscular", "pk": 12, "fields": {"name": "Glúteos"}}, {"model": "aparelhos.grupo_muscular", "pk": 13, "fields": {"name": "Posterior de Coxa"}}, {"model": "aparelhos.grupo_muscular", "pk": 14, "fields": {"name": "Quadríceps"}}, {"model": "aparelhos.grupo_muscular", "pk": 15, "fields": {"name": "Trapézio"}}, {"model": "aparelhos.grupo_muscular", "pk": 16, "fields": {"name": "Dorsal"}}, {"model": "aparelhos.grupo_muscular", "pk": 17, "fields": {"name": "Lombar"}}, {"model": "aparelhos.aparelho", "pk": 1, "fields": {"exercise_name": "Leg Press", "grupo_muscular": 1, "video": "aparelhos/videos/extensora_rC2RATe.mp4", "image": "", "instructions": "Sente-se no aparelho com os ps afastados na plataforma e empurre o peso estendendo as pernas.\r\nRetorne devagar at que os joelhos fiquem prximos de 90, sem tirar as costas do encosto.", "qr_code": "aparelhos/qrcodes/qr_26_TesteQr.png"}}, {"model": "aparelhos.aparelho", "pk": 2, "fields": {"exercise_name": "Extensora", "grupo_muscular": 1, "video": "aparelhos/videos/extensora.mp4", "image": "", "instructions": "Sente-se no aparelho com as costas apoiadas e ajuste o encosto para alinhar o joelho ao eixo da mquina.\r\nEstenda as pernas elevando o peso at quase a extenso total, contraindo o quadrceps, e retorne lentamente  posio inicial.", "qr_code": "aparelhos/qrcodes/qr_27_Extensora111.png"}}, {"model": "aparelhos.aparelho", "pk": 3, "fields": {"exercise_name": "Supino Reto (com barra)", "grupo_muscular": 5, "video": "aparelhos/videos/extensora_AkXBFS8.mp4", "image": "", "instructions": "Deite-se no banco e segure a barra na largura dos ombros.\r\nDesa at o peito e empurre novamente para cima, mantendo o controle.", "qr_code": "aparelhos/qrcodes/qr_29_Supino_Reto_com_barra.png"}}, {"model": "aparelhos.aparelho", "pk": 4, "fields": {"exercise_name": "Puxada Frontal (barra)", "grupo_muscular": 4, "video": "aparelhos/videos/extensora_b97MA6n.mp4", "image": "", "instructions": "Sente-se e segure a barra com as mos afastadas.\r\nPuxe em direo ao peito contraindo as costas e retorne controlando o peso.", "qr_code": "aparelhos/qrcodes/qr_30_Puxada_Frontal_barra.png"}}, {"model": "aparelhos.aparelho", "pk": 5, "fields": {"exercise_name": "Desenvolvimento de Ombros", "grupo_muscular": 3, "video": "aparelhos/videos/extensora_4I6GFWy.mp4", "image": "", "instructions": "Sente-se e segure os halteres na altura dos ombros.\r\nEmpurre para cima estendendo os braos e retorne devagar  posio inicial.", "qr_code": "aparelhos/qrcodes/qr_31_Desenvolvimento_de_Ombros.png"}}, {"model": "aparelhos.aparelho", "pk": 6, "fields": {"exercise_name": "testeQRcode", "grupo_muscular": 4, "video": "aparelhos/videos/extensora_gu4OpLR.mp4", "image": "", "instructions": "testeQr", "qr_code": "aparelhos/qrcodes/qr_33_testeQRcode.png"}}, {"model": "aparelhos.aparelho", "pk": 19, "fields": {"exercise_name": "testeBanco", "grupo_muscular": 10, "video": "aparelhos/videos/extensora.mp4", "image": "", "instructions": "testeee", "qr_code": ""}}, {"model": "auth.permission", "fields": {"name": "Can add log entry", "content_type": ["admin", "logentry"], "codename": "add_logentry"}}, {"model": "auth.permission", "fields": {"name": "Can change log entry", "content_type": ["admin", "logentry"], "codename": "change_logentry"}}, {"model": "auth.permission", "fields": {"name": "Can delete log entry", "content_type": ["admin", "logentry"], "codename": "delete_logentry"}}, {"model": "auth.permission", "fields": {"name": "Can view log entry", "content_type": ["admin", "logentry"], "codename": "view_logentry"}}, {"model": "auth.permission", "fields": {"name": "Can add permission", "content_type": ["auth", "permission"], "codename": "add_permission"}}, {"model": "auth.permission", "fields": {"name": "Can change permission", "content_type": ["auth", "permission"], "codename": "change_permission"}}, {"model": "auth.permission", "fields": {"name": "Can delete permission", "content_type": ["auth", "permission"], "codename": "delete_permission"}}, {"model": "auth.permission", "fields": {"name": "Can view permission", "content_type": ["auth", "permission"], "codename": "view_permission"}}, {"model": "auth.permission", "fields": {"name": "Can add group", "content_type": ["auth", "group"], "codename": "add_group"}}, {"model": "auth.permission", "fields": {"name": "Can change group", "content_type": ["auth", "group"], "codename": "change_group"}}, {"model": "auth.permission", "fields": {"name": "Can delete group", "content_type": ["auth", "group"], "codename": "delete_group"}}, {"model": "auth.permission", "fields": {"name": "Can view group", "content_type": ["auth", "group"], "codename": "view_group"}}, {"model": "auth.permission", "fields": {"name": "Can add user", "content_type": ["auth", "user"], "codename": "add_user"}}, {"model": "auth.permission", "fields": {"name": "Can change user", "content_type": ["auth", "user"], "codename": "change_user"}}, {"model": "auth.permission", "fields": {"name": "Can delete user", "content_type": ["auth", "user"], "codename": "delete_user"}}, {"model": "auth.permission", "fields": {"name": "Can view user", "content_type": ["auth", "user"], "codename": "view_user"}}, {"model": "auth.permission", "fields": {"name": "Can add content type", "content_type": ["contenttypes", "contenttype"], "codename": "add_contenttype"}}, {"model": "auth.permission", "fields": {"name": "Can change content type", "content_type": ["contenttypes", "contenttype"], "codename": "change_contenttype"}}, {"model": "auth.permission", "fields": {"name": "Can delete content type", "content_type": ["contenttypes", "contenttype"], "codename": "delete_contenttype"}}, {"model": "auth.permission", "fields": {"name": "Can view content type", "content_type": ["contenttypes", "contenttype"], "codename": "view_contenttype"}}, {"model": "auth.permission", "fields": {"name": "Can add session", "content_type": ["sessions", "session"], "codename": "add_session"}}, {"model": "auth.permission", "fields": {"name": "Can change session", "content_type": ["sessions", "session"], "codename": "change_session"}}, {"model": "auth.permission", "fields": {"name": "Can delete session", "content_type": ["sessions", "session"], "codename": "delete_session"}}, {"model": "auth.permission", "fields": {"name": "Can view session", "content_type": ["sessions", "session"], "codename": "view_session"}}, {"model": "auth.permission", "fields": {"name": "Can add user profile", "content_type": ["accounts", "userprofile"], "codename": "add_userprofile"}}, {"model": "auth.permission", "fields": {"name": "Can change user profile", "content_type": ["accounts", "userprofile"], "codename": "change_userprofile"}}, {"model": "auth.permission", "fields": {"name": "Can delete user profile", "content_type": ["accounts", "userprofile"], "codename": "delete_userprofile"}}, {"model": "auth.permission", "fields": {"name": "Can view user profile", "content_type": ["accounts", "userprofile"], "codename": "view_userprofile"}}, {"model": "auth.permission", "fields": {"name": "Can add aparelho", "content_type": ["aparelhos", "aparelho"], "codename": "add_aparelho"}}, {"model": "auth.permission", "fields": {"name": "Can change aparelho", "content_type": ["aparelhos", "aparelho"], "codename": "change_aparelho"}}, {"model": "auth.permission", "fields": {"name": "Can delete aparelho", "content_type": ["aparelhos", "aparelho"], "codename": "delete_aparelho"}}, {"model": "auth.permission", "fields": {"name": "Can view aparelho", "content_type": ["aparelhos", "aparelho"], "codename": "view_aparelho"}}, {"model": "auth.permission", "fields": {"name": "Can add Grupo Muscular", "content_type": ["aparelhos", "grupo_muscular"], "codename": "add_grupo_muscular"}}, {"model": "auth.permission", "fields": {"name": "Can change Grupo Muscular", "content_type": ["aparelhos", "grupo_muscular"], "codename": "change_grupo_muscular"}}, {"model": "auth.permission", "fields": {"name": "Can delete Grupo Muscular", "content_type": ["aparelhos", "grupo_muscular"], "codename": "delete_grupo_muscular"}}, {"model": "auth.permission", "fields": {"name": "Can view Grupo Muscular", "content_type": ["aparelhos", "grupo_muscular"], "codename": "view_grupo_muscular"}}, {"model": "auth.permission", "fields": {"name": "Can add feedback", "content_type": ["aparelhos", "feedback"], "codename": "add_feedback"}}, {"model": "auth.permission", "fields": {"name": "Can change feedback", "content_type": ["aparelhos", "feedback"], "codename": "change_feedback"}}, {"model": "auth.permission", "fields": {"name": "Can delete feedback", "content_type": ["aparelhos", "feedback"], "codename": "delete_feedback"}}, {"model": "auth.permission", "fields": {"name": "Can view feedback", "content_type": ["aparelhos", "feedback"], "codename": "view_feedback"}}, {"model": "auth.permission", "fields": {"name": "Can add visualizacao", "content_type": ["aparelhos", "visualizacao"], "codename": "add_visualizacao"}}, {"model": "auth.permission", "fields": {"name": "Can change visualizacao", "content_type": ["aparelhos", "visualizacao"], "codename": "change_visualizacao"}}, {"model": "auth.permission", "fields": {"name": "Can delete visualizacao", "content_type": ["aparelhos", "visualizacao"], "codename": "delete_visualizacao"}}, {"model": "auth.permission", "fields": {"name": "Can view visualizacao", "content_type": ["aparelhos", "visualizacao"], "codename": "view_visualizacao"}}, {"model": "auth.user", "fields": {"password": "pbkdf2_sha256$1000000$bFj2kqVIYVdAC3e9BmWTcG$A8xTOH9UW6fSWhFXISiIyI4yPYTMPLQSl/kfBAuYt2k=", "last_login": "2025-10-12T23:18:55.180Z", "is_superuser": true, "username": "WeslleyDev", "first_name": "", "last_name": "", "email": "weslleydevpereira@gmail.com", "is_staff": true, "is_active": true, "date_joined": "2025-10-12T22:59:21.249Z", "groups": [], "user_permissions": []}}, {"model": "auth.user", "fields": {"password": "pbkdf2_sha256$1000000$0GRFmZ4DN6KXciFFgDDL1r$NJkfYAdTXviHo4JbkdSrgMSYd9rF49eVfZNG/ZtbN3U=", "last_login": null, "is_superuser": false, "username": "WeslleyPereiraUsuario", "first_name": "", "last_name": "", "email": "weslley@gmail.com", "is_staff": false, "is_active": true, "date_joined": "2025-10-12T23:06:49.217Z", "groups": [], "user_permissions": []}}, {"model": "auth.user", "fields": {"password": "pbkdf2_sha256$1000000$DEOq6opLlnKfcV64wzTF3k$CuvuRRlpAq8AY+Q6CSBLcDlQUd65WkwbCXS9oONYy5E=", "last_login": null, "is_superuser": false, "username": "weslleyp", "first_name": "", "last_name": "", "email": "weslleypereira@gmail.com", "is_staff": false, "is_active": true, "date_joined": "2025-10-12T23:06:51.250Z", "groups": [], "user_permissions": []}}, {"model": "auth.user", "fields": {"password": "pbkdf2_sha256$1000000$1YuVepT9BsRtq201wexPlL$UXKqYWmrpHxdeHWVoWJLXIeRBgvb4YU2q8kb01G/B1o=", "last_login": null, "is_superuser": false, "username": "usuarioTeste", "first_name": "", "last_name": "", "email": "weslleypereira111@gmail.com", "is_staff": false, "is_active": true, "date_joined": "2025-10-12T23:06:53.872Z", "groups": [], "user_permissions": []}}, {"model": "auth.user", "fields": {"password": "pbkdf2_sha256$1000000$BhyF14muDl3z1aZAUX32JC$lo1BC/T16qnbmaWWbTIHGkLeiHDQIsLWDuzPBewzaDM=", "last_login": "2025-10-12T23:17:48.545Z", "is_superuser": false, "username": "Weslleytesteee", "first_name": "Weslley", "last_name": "Pereira", "email": "Weslleytesteee@gmail.com", "is_staff": false, "is_active": true, "date_joined": "2025-10-12T23:06:56.099Z", "groups": [], "user_permissions": []}}, {"model": "auth.user", "fields": {"password": "pbkdf2_sha256$1000000$31iftgsJsJ2iDiZMAzXo8C$5JAer2B22Ec/hW0fjbSahb95MbM3ElevtdvpfQm+BQU=", "last_login": null, "is_superuser": false, "username": "weslleypp", "first_name": "", "last_name": "", "email": "admin@qrfit.com", "is_staff": false, "is_active": true, "date_joined": "2025-10-12T23:06:58.155Z", "groups": [], "user_permissions": []}}, {"model": "auth.user", "fields": {"password": "pbkdf2_sha256$1000000$CNgCaZYhEBQ0w86H1VVT4z$E8UKz9gxNUTtc3VRAxwcR6iNlDnRp1cADbyFU5nyLbc=", "last_login": null, "is_superuser": false, "username": "Weslley_Usurio", "first_name": "Weslley", "last_name": "Pereira", "email": "weslley_usuario@gmail.com", "is_staff": false, "is_active": true, "date_joined": "2025-10-12T23:07:00.403Z", "groups": [], "user_permissions": []}}, {"model": "auth.user", "fields": {"password": "pbkdf2_sha256$1000000$8IfRsycPpqYNcdSeK2qHnx$nevsNFfDVY/3soVXHF7inedz3sBoABXjUMP6fjWB2qA=", "last_login": null, "is_superuser": false, "username": "Weslley_Usurio2", "first_name": "", "last_name": "", "email": "weslley.usuario2@gmail.com", "is_staff": false, "is_active": true, "date_joined": "2025-10-12T23:07:03.524Z", "groups": [], "user_permissions": []}}, {"model": "auth.user", "fields": {"password": "pbkdf2_sha256$1000000$KwRd0Ia91ssdutD5yPpFD4$0CBYw9MfXTTBdpQNf6lfGf7jCQoqZ+Xrb5HuOULSbAg=", "last_login": null, "is_superuser": false, "username": "Weslley_Usurio3", "first_name": "", "last_name": "", "email": "weslley.usuario3@gmail.com", "is_staff": false, "is_active": true, "date_joined": "2025-10-12T23:07:05.614Z", "groups": [], "user_permissions": []}}, {"model": "auth.user", "fields": {"password": "pbkdf2_sha256$test", "last_login": "2025-10-12T23:16:26.098Z", "is_superuser": false, "username": "teste_usuario", "first_name": "", "last_name": "", "email": "teste@example.com", "is_staff": false, "is_active": true, "date_joined": "2025-10-12T23:16:26.067Z", "groups": [], "user_permissions": []}}, {"model": "accounts.userprofile", "pk": 1, "fields": {"user": ["WeslleyDev"], "profile_picture": "", "bio": "", "phone": "", "birth_date": null, "created_at": "2025-10-12T22:59:23.846Z", "updated_at": "2025-10-12T23:18:55.189Z"}}, {"model": "accounts.userprofile", "pk": 2, "fields": {"user": ["WeslleyPereiraUsuario"], "profile_picture": "", "bio": "", "phone": "", "birth_date": null, "created_at": "2025-10-12T23:06:51.231Z", "updated_at": "2025-10-12T23:06:51.244Z"}}, {"model": "accounts.userprofile", "pk": 3, "fields": {"user": ["weslleyp"], "profile_picture": "", "bio": "", "phone": "", "birth_date": null, "created_at": "2025-10-12T23:06:53.865Z", "updated_at": "2025-10-12T23:06:53.869Z"}}, {"model": "accounts.userprofile", "pk": 4, "fields": {"user": ["usuarioTeste"], "profile_picture": "", "bio": "", "phone": "", "birth_date": null, "created_at": "2025-10-12T23:06:56.086Z", "updated_at": "2025-10-12T23:06:56.092Z"}}, {"model": "accounts.userprofile", "pk": 5, "fields": {"user": ["Weslleytesteee"], "profile_picture": "profiles/Screenshot_21_08_2025_19_43_00_1.png", "bio": "", "phone": "", "birth_date": null, "created_at": "2025-10-12T23:06:58.145Z", "updated_at": "2025-10-12T23:17:48.550Z"}}, {"model": "accounts.userprofile", "pk": 6, "fields": {"user": ["weslleypp"], "profile_picture": "", "bio": "", "phone": "", "birth_date": null, "created_at": "2025-10-12T23:07:00.377Z", "updated_at": "2025-10-12T23:07:00.385Z"}}, {"model": "accounts.userprofile", "pk": 7, "fields": {"user": ["Weslley_Usurio"], "profile_picture": "", "bio": "", "phone": "", "birth_date": null, "created_at": "2025-10-12T23:07:03.514Z", "updated_at": "2025-10-12T23:07:03.521Z"}}, {"model": "accounts.userprofile", "pk": 8, "fields": {"user": ["Weslley_Usurio2"], "profile_picture": "", "bio": "", "phone": "", "birth_date": null, "created_at": "2025-10-12T23:07:05.605Z", "updated_at": "2025-10-12T23:07:05.610Z"}}, {"model": "accounts.userprofile", "pk": 9, "fields": {"user": ["Weslley_Usurio3"], "profile_picture": "", "bio": "", "phone": "", "birth_date": null, "created_at": "2025-10-12T23:07:07.735Z", "updated_at": "2025-10-12T23:07:07.740Z"}}, {"model": "accounts.userprofile", "pk": 10, "fields": {"user": ["teste_usuario"], "profile_picture": "", "bio": "", "phone": "", "birth_date": null, "created_at": "2025-10-12T23:16:26.072Z", "updated_at": "2025-10-12T23:16:26.102Z"}}, {"model": "aparelhos.feedback", "pk": 1, "fields": {"user": ["Weslley_Usurio"], "aparelho": 5, "rating": 2, "comment": "Weslley_usuario", "created_at": "2025-10-12T23:11:00.753Z"}}, {"model": "aparelhos.feedback", "pk": 2, "fields": {"user": ["Weslley_Usurio3"], "aparelho": 5, "rating": 1, "comment": "weslley_usuario3", "created_at": "2025-10-12T23:11:00.765Z"}}, {"model": "aparelhos.feedback", "pk": 3, "fields": {"user": ["Weslley_Usurio3"], "aparelho": 2, "rating": 1, "comment": "weslley_usuario3", "created_at": "2025-10-12T23:11:00.773Z"}}, {"model": "aparelhos.feedback", "pk": 4, "fields": {"user": ["Weslley_Usurio3"], "aparelho": 1, "rating": 1, "comment": "weslley_usuario3", "created_at": "2025-10-12T23:11:00.778Z"}}, {"model": "aparelhos.feedback", "pk": 5, "fields": {"user": ["Weslley_Usurio3"], "aparelho": 3, "rating": 1, "comment": "weslley_usuario3", "created_at": "2025-10-12T23:11:00.784Z"}}, {"model": "aparelhos.feedback", "pk": 6, "fields": {"user": ["Weslleytesteee"], "aparelho": 5, "rating": 5, "comment": "tetste novo", "created_at": "2025-10-12T23:12:35.959Z"}}, {"model": "aparelhos.visualizacao", "pk": 1, "fields": {"user": ["Weslley_Usurio"], "aparelho": 5, "count": 3, "viewed_at": "2025-10-12T23:11:00.794Z", "updated_at": "2025-10-12T23:11:00.794Z", "last_clicked": "2025-10-10T01:22:18.700Z"}}, {"model": "aparelhos.visualizacao", "pk": 2, "fields": {"user": ["Weslley_Usurio"], "aparelho": 2, "count": 1, "viewed_at": "2025-10-12T23:11:00.872Z", "updated_at": "2025-10-12T23:11:00.872Z", "last_clicked": "2025-10-09T02:16:14.920Z"}}, {"model": "aparelhos.visualizacao", "pk": 3, "fields": {"user": ["Weslley_Usurio"], "aparelho": 1, "count": 1, "viewed_at": "2025-10-12T23:11:00.882Z", "updated_at": "2025-10-12T23:11:00.882Z", "last_clicked": "2025-10-09T02:16:16.456Z"}}, {"model": "aparelhos.visualizacao", "pk": 4, "fields": {"user": ["Weslley_Usurio"], "aparelho": 4, "count": 2, "viewed_at": "2025-10-12T23:11:00.891Z", "updated_at": "2025-10-12T23:11:00.891Z", "last_clicked": "2025-10-09T02:24:14.196Z"}}, {"model": "aparelhos.visualizacao", "pk": 5, "fields": {"user": ["Weslley_Usurio"], "aparelho": 3, "count": 1, "viewed_at": "2025-10-12T23:11:00.898Z", "updated_at": "2025-10-12T23:11:00.898Z", "last_clicked": "2025-10-09T02:16:18.835Z"}}, {"model": "aparelhos.visualizacao", "pk": 6, "fields": {"user": ["Weslley_Usurio3"], "aparelho": 5, "count": 1, "viewed_at": "2025-10-12T23:11:00.907Z", "updated_at": "2025-10-12T23:11:00.907Z", "last_clicked": "2025-10-09T02:20:48.711Z"}}, {"model": "aparelhos.visualizacao", "pk": 7, "fields": {"user": ["Weslley_Usurio3"], "aparelho": 2, "count": 1, "viewed_at": "2025-10-12T23:11:00.919Z", "updated_at": "2025-10-12T23:11:00.919Z", "last_clicked": "2025-10-09T02:20:49.787Z"}}, {"model": "aparelhos.visualizacao", "pk": 8, "fields": {"user": ["Weslley_Usurio3"], "aparelho": 1, "count": 1, "viewed_at": "2025-10-12T23:11:00.928Z", "updated_at": "2025-10-12T23:11:00.928Z", "last_clicked": "2025-10-09T02:20:50.813Z"}}, {"model": "aparelhos.visualizacao", "pk": 9, "fields": {"user": ["Weslley_Usurio3"], "aparelho": 4, "count": 1, "viewed_at": "2025-10-12T23:11:00.934Z", "updated_at": "2025-10-12T23:11:00.934Z", "last_clicked": "2025-10-09T02:20:52.095Z"}}, {"model": "aparelhos.visualizacao", "pk": 10, "fields": {"user": ["Weslley_Usurio3"], "aparelho": 3, "count": 1, "viewed_at": "2025-10-12T23:11:00.944Z", "updated_at": "2025-10-12T23:11:00.944Z", "last_clicked": "2025-10-09T02:20:53.247Z"}}, {"model": "aparelhos.visualizacao", "pk": 11, "fields": {"user": ["Weslley_Usurio2"], "aparelho": 3, "count": 1, "viewed_at": "2025-10-12T23:11:00.961Z", "updated_at": "2025-10-12T23:11:00.961Z", "last_clicked": "2025-10-09T02:26:20.066Z"}}, {"model": "aparelhos.visualizacao", "pk": 12, "fields": {"user": ["Weslleytesteee"], "aparelho": 5, "count": 1, "viewed_at": "2025-10-12T23:12:37.773Z", "updated_at": "2025-10-12T23:12:37.773Z", "last_clicked": "2025-10-12T23:12:37.759Z"}}, {"model": "aparelhos.visualizacao", "pk": 13, "fields": {"user": ["Weslleytesteee"], "aparelho": 2, "count": 1, "viewed_at": "2025-10-12T23:12:39.611Z", "updated_at": "2025-10-12T23:12:39.611Z", "last_clicked": "2025-10-12T23:12:39.604Z"}}, {"model": "aparelhos.visualizacao", "pk": 14, "fields": {"user": ["Weslleytesteee"], "aparelho": 1, "count": 1, "viewed_at": "2025-10-12T23:12:41.706Z", "updated_at": "2025-10-12T23:12:41.706Z", "last_clicked": "2025-10-12T23:12:41.694Z"}}]